publication_number,exclusion_reason,source_url,review_date
AU2014203584A1,"Mechanical-engineering invention. In the indexed text, 'cross-section' is followed by claim number 321.",https://patents.google.com/patent/AU2014203584A1/en,20/01/2026
US6396814B1,Section 321 identifies a receiving-filter component in a communication-network invention.,https://patents.google.com/patent/US6396814B1/en,20/01/2026
JPH1188363A,Section 321 identifies a receiving-filter component in a communication-device invention.,https://patents.google.com/patent/JPH1188363A/en,20/01/2026
US10505248B2,De minimis describes residual electrical current through an insulator in a telecommunications invention.,https://patents.google.com/patent/US10505248B2/en,20/01/2026
US20190363913A1,De minimis describes residual electrical current through an insulator in a telecommunications invention.,https://patents.google.com/patent/US20190363913A1/en,20/01/2026
US10505249B2,De minimis describes residual electrical current through an insulator in a telecommunications invention.,https://patents.google.com/patent/US10505249B2/en,20/01/2026
US10554454B2,De minimis describes residual electrical current through an insulator in a telecommunications invention.,https://patents.google.com/patent/US10554454B2/en,20/01/2026
US10505252B2,De minimis describes residual electrical current through an insulator in a telecommunications invention.,https://patents.google.com/patent/US10505252B2/en,20/01/2026
US10516555B2,De minimis describes residual electrical current through an insulator in a telecommunications invention.,https://patents.google.com/patent/US10516555B2/en,20/01/2026
US11025460B2,De minimis describes residual electrical current through an insulator in a telecommunications invention.,https://patents.google.com/patent/US11025460B2/en,20/01/2026
US10505250B2,De minimis describes residual electrical current through an insulator in a telecommunications invention.,https://patents.google.com/patent/US10505250B2/en,20/01/2026
US11792586B2,De minimis describes the small torque needed to initiate magnet rotation in a medical device.,https://patents.google.com/patent/US11792586B2/en,20/01/2026
US10276907B2,De minimis describes residual electrical current through an insulator in a telecommunications invention.,https://patents.google.com/patent/US10276907B2/en,20/01/2026
US10714803B2,De minimis describes residual electrical current through an insulator in a telecommunications invention.,https://patents.google.com/patent/US10714803B2/en,20/01/2026
US20120030136A1,De minimis concerns bond-related tax calculations in software for securities compliance.,https://patents.google.com/patent/US20120030136A1/en,20/01/2026
WO2019070708A1,De minimis describes residual electrical current through an insulator in a telecommunications invention.,https://patents.google.com/patent/WO2019070708A1/en,20/01/2026
WO2019103848A1,De minimis describes residual electrical current through an insulator in a telecommunications invention.,https://patents.google.com/patent/WO2019103848A1/en,20/01/2026
