date,country,GEN_VAL_MO,YEAR,MONTH,cty_code,I_ENDUSE,COMM_LVL,source_last_update
2016-01-01,MEXICO,22337723342,2016,1,2010,-,-,0
2016-02-01,MEXICO,23121746528,2016,2,2010,-,-,0
2016-03-01,MEXICO,24692111632,2016,3,2010,-,-,0
2016-04-01,MEXICO,24985773651,2016,4,2010,-,-,0
2016-05-01,MEXICO,24761062479,2016,5,2010,-,-,0
2016-06-01,MEXICO,24809622976,2016,6,2010,-,-,0
2016-07-01,MEXICO,22944587756,2016,7,2010,-,-,0
2016-08-01,MEXICO,25544937654,2016,8,2010,-,-,0
2016-09-01,MEXICO,25122161150,2016,9,2010,-,-,0
2016-10-01,MEXICO,26358862675,2016,10,2010,-,-,0
2016-11-01,MEXICO,25358076600,2016,11,2010,-,-,0
2016-12-01,MEXICO,23463940217,2016,12,2010,-,-,0
2017-01-01,MEXICO,23458559937,2017,1,2010,-,-,0
2017-02-01,MEXICO,23806874965,2017,2,2010,-,-,0
2017-03-01,MEXICO,27920627811,2017,3,2010,-,-,0
2017-04-01,MEXICO,25017467801,2017,4,2010,-,-,0
2017-05-01,MEXICO,27032582237,2017,5,2010,-,-,0
2017-06-01,MEXICO,27153754084,2017,6,2010,-,-,0
2017-07-01,MEXICO,24514745410,2017,7,2010,-,-,0
2017-08-01,MEXICO,26924369870,2017,8,2010,-,-,0
2017-09-01,MEXICO,25731991377,2017,9,2010,-,-,0
2017-10-01,MEXICO,28572107216,2017,10,2010,-,-,0
2017-11-01,MEXICO,27481066952,2017,11,2010,-,-,0
2017-12-01,MEXICO,25052592836,2017,12,2010,-,-,0
2018-01-01,MEXICO,25788215741,2018,1,2010,-,-,0
2018-02-01,MEXICO,25777142669,2018,2,2010,-,-,0
2018-03-01,MEXICO,29754137946,2018,3,2010,-,-,0
2018-04-01,MEXICO,27895040348,2018,4,2010,-,-,0
2018-05-01,MEXICO,29209179529,2018,5,2010,-,-,0
2018-06-01,MEXICO,29349892896,2018,6,2010,-,-,0
2018-07-01,MEXICO,27999488310,2018,7,2010,-,-,0
2018-08-01,MEXICO,30885907159,2018,8,2010,-,-,0
2018-09-01,MEXICO,28984790343,2018,9,2010,-,-,0
2018-10-01,MEXICO,31636756798,2018,10,2010,-,-,0
2018-11-01,MEXICO,29464671352,2018,11,2010,-,-,0
2018-12-01,MEXICO,26935317419,2018,12,2010,-,-,0
2019-01-01,MEXICO,27557995759,2019,1,2010,-,-,0
2019-02-01,MEXICO,27485222761,2019,2,2010,-,-,0
2019-03-01,MEXICO,31111754186,2019,3,2010,-,-,0
2019-04-01,MEXICO,30229048253,2019,4,2010,-,-,0
2019-05-01,MEXICO,31907669816,2019,5,2010,-,-,0
2019-06-01,MEXICO,30193358032,2019,6,2010,-,-,0
2019-07-01,MEXICO,29953511976,2019,7,2010,-,-,0
2019-08-01,MEXICO,30887235941,2019,8,2010,-,-,0
2019-09-01,MEXICO,29273757502,2019,9,2010,-,-,0
2019-10-01,MEXICO,30932978041,2019,10,2010,-,-,0
2019-11-01,MEXICO,29060754817,2019,11,2010,-,-,0
2019-12-01,MEXICO,27500296961,2019,12,2010,-,-,0
2020-01-01,MEXICO,28202281911,2020,1,2010,-,-,0
2020-02-01,MEXICO,28903203952,2020,2,2010,-,-,0
2020-03-01,MEXICO,29882071459,2020,3,2010,-,-,0
2020-04-01,MEXICO,15771982737,2020,4,2010,-,-,0
2020-05-01,MEXICO,14857386976,2020,5,2010,-,-,0
2020-06-01,MEXICO,25672078884,2020,6,2010,-,-,0
2020-07-01,MEXICO,28878189550,2020,7,2010,-,-,0
2020-08-01,MEXICO,29555632641,2020,8,2010,-,-,0
2020-09-01,MEXICO,29788032020,2020,9,2010,-,-,0
2020-10-01,MEXICO,32785496819,2020,10,2010,-,-,0
2020-11-01,MEXICO,29819707574,2020,11,2010,-,-,0
2020-12-01,MEXICO,29360853468,2020,12,2010,-,-,0
2021-01-01,MEXICO,28976451284,2021,1,2010,-,-,0
2021-02-01,MEXICO,27201783374,2021,2,2010,-,-,0
2021-03-01,MEXICO,33313889483,2021,3,2010,-,-,0
2021-04-01,MEXICO,31991844406,2021,4,2010,-,-,0
2021-05-01,MEXICO,31108854912,2021,5,2010,-,-,0
2021-06-01,MEXICO,32776616579,2021,6,2010,-,-,0
2021-07-01,MEXICO,31818084797,2021,7,2010,-,-,0
2021-08-01,MEXICO,31957126193,2021,8,2010,-,-,0
2021-09-01,MEXICO,31829475316,2021,9,2010,-,-,0
2021-10-01,MEXICO,34138925977,2021,10,2010,-,-,0
2021-11-01,MEXICO,34470179273,2021,11,2010,-,-,0
2021-12-01,MEXICO,32986107656,2021,12,2010,-,-,0
2022-01-01,MEXICO,33154724468,2022,1,2010,-,-,0
2022-02-01,MEXICO,32506486686,2022,2,2010,-,-,0
2022-03-01,MEXICO,40012883474,2022,3,2010,-,-,0
2022-04-01,MEXICO,38516008970,2022,4,2010,-,-,0
2022-05-01,MEXICO,39444462145,2022,5,2010,-,-,0
2022-06-01,MEXICO,39121482902,2022,6,2010,-,-,0
2022-07-01,MEXICO,37685528471,2022,7,2010,-,-,0
2022-08-01,MEXICO,39778769988,2022,8,2010,-,-,0
2022-09-01,MEXICO,39196478729,2022,9,2010,-,-,0
2022-10-01,MEXICO,40143500967,2022,10,2010,-,-,0
2022-11-01,MEXICO,36638794268,2022,11,2010,-,-,0
2022-12-01,MEXICO,35815845443,2022,12,2010,-,-,0
2023-01-01,MEXICO,36720500433,2023,1,2010,-,-,0
2023-02-01,MEXICO,35501939432,2023,2,2010,-,-,0
2023-03-01,MEXICO,42653426070,2023,3,2010,-,-,0
2023-04-01,MEXICO,37873824960,2023,4,2010,-,-,0
2023-05-01,MEXICO,41054516006,2023,5,2010,-,-,0
2023-06-01,MEXICO,40848714610,2023,6,2010,-,-,0
2023-07-01,MEXICO,38716022533,2023,7,2010,-,-,0
2023-08-01,MEXICO,41474703209,2023,8,2010,-,-,0
2023-09-01,MEXICO,39284191017,2023,9,2010,-,-,0
2023-10-01,MEXICO,42735072144,2023,10,2010,-,-,0
2023-11-01,MEXICO,39613196786,2023,11,2010,-,-,0
2023-12-01,MEXICO,36422556960,2023,12,2010,-,-,0
2024-01-01,MEXICO,37826106079,2024,1,2010,-,-,0
2024-02-01,MEXICO,39992217929,2024,2,2010,-,-,0
2024-03-01,MEXICO,41373388641,2024,3,2010,-,-,0
2024-04-01,MEXICO,42856973887,2024,4,2010,-,-,0
2024-05-01,MEXICO,43671016201,2024,5,2010,-,-,0
2024-06-01,MEXICO,41952424903,2024,6,2010,-,-,0
2024-07-01,MEXICO,41713670045,2024,7,2010,-,-,0
2024-08-01,MEXICO,43442240473,2024,8,2010,-,-,0
2024-09-01,MEXICO,44000586862,2024,9,2010,-,-,0
2024-10-01,MEXICO,45214631883,2024,10,2010,-,-,0
2024-11-01,MEXICO,42084979699,2024,11,2010,-,-,0
2024-12-01,MEXICO,38981876122,2024,12,2010,-,-,0
2025-01-01,MEXICO,41597114578,2025,1,2010,-,-,0
2025-02-01,MEXICO,41565516994,2025,2,2010,-,-,0
2025-03-01,MEXICO,48018160511,2025,3,2010,-,-,0
2025-04-01,MEXICO,41845110321,2025,4,2010,-,-,0
2025-05-01,MEXICO,46113080232,2025,5,2010,-,-,0
2025-06-01,MEXICO,44831878204,2025,6,2010,-,-,0
2025-07-01,MEXICO,45316830950,2025,7,2010,-,-,0
2016-01-01,THAILAND,2191147209,2016,1,5490,-,-,0
2016-02-01,THAILAND,2216497740,2016,2,5490,-,-,0
2016-03-01,THAILAND,2374104820,2016,3,5490,-,-,0
2016-04-01,THAILAND,2250147281,2016,4,5490,-,-,0
2016-05-01,THAILAND,2451752638,2016,5,5490,-,-,0
2016-06-01,THAILAND,2468294303,2016,6,5490,-,-,0
2016-07-01,THAILAND,2572292347,2016,7,5490,-,-,0
2016-08-01,THAILAND,2771445767,2016,8,5490,-,-,0
2016-09-01,THAILAND,2505564050,2016,9,5490,-,-,0
2016-10-01,THAILAND,2594790813,2016,10,5490,-,-,0
2016-11-01,THAILAND,2683464442,2016,11,5490,-,-,0
2016-12-01,THAILAND,2404550864,2016,12,5490,-,-,0
2017-01-01,THAILAND,2372524927,2017,1,5490,-,-,0
2017-02-01,THAILAND,2199874886,2017,2,5490,-,-,0
2017-03-01,THAILAND,2595668687,2017,3,5490,-,-,0
2017-04-01,THAILAND,2321969252,2017,4,5490,-,-,0
2017-05-01,THAILAND,2561994601,2017,5,5490,-,-,0
2017-06-01,THAILAND,2712771716,2017,6,5490,-,-,0
2017-07-01,THAILAND,2721581807,2017,7,5490,-,-,0
2017-08-01,THAILAND,2774341700,2017,8,5490,-,-,0
2017-09-01,THAILAND,2539356442,2017,9,5490,-,-,0
2017-10-01,THAILAND,2863846255,2017,10,5490,-,-,0
2017-11-01,THAILAND,2729825519,2017,11,5490,-,-,0
2017-12-01,THAILAND,2714716764,2017,12,5490,-,-,0
2018-01-01,THAILAND,2642705538,2018,1,5490,-,-,0
2018-02-01,THAILAND,2218314321,2018,2,5490,-,-,0
2018-03-01,THAILAND,2626927284,2018,3,5490,-,-,0
2018-04-01,THAILAND,2703556251,2018,4,5490,-,-,0
2018-05-01,THAILAND,2733110255,2018,5,5490,-,-,0
2018-06-01,THAILAND,2619157127,2018,6,5490,-,-,0
2018-07-01,THAILAND,2860722420,2018,7,5490,-,-,0
2018-08-01,THAILAND,2722166400,2018,8,5490,-,-,0
2018-09-01,THAILAND,2762386356,2018,9,5490,-,-,0
2018-10-01,THAILAND,2765387027,2018,10,5490,-,-,0
2018-11-01,THAILAND,2611159002,2018,11,5490,-,-,0
2018-12-01,THAILAND,2607067618,2018,12,5490,-,-,0
2019-01-01,THAILAND,2664372862,2019,1,5490,-,-,0
2019-02-01,THAILAND,2363709379,2019,2,5490,-,-,0
2019-03-01,THAILAND,2854265954,2019,3,5490,-,-,0
2019-04-01,THAILAND,2661052330,2019,4,5490,-,-,0
2019-05-01,THAILAND,2811861931,2019,5,5490,-,-,0
2019-06-01,THAILAND,2593279263,2019,6,5490,-,-,0
2019-07-01,THAILAND,2858122016,2019,7,5490,-,-,0
2019-08-01,THAILAND,3026708235,2019,8,5490,-,-,0
2019-09-01,THAILAND,2787190353,2019,9,5490,-,-,0
2019-10-01,THAILAND,3135827954,2019,10,5490,-,-,0
2019-11-01,THAILAND,2821901541,2019,11,5490,-,-,0
2019-12-01,THAILAND,2864330241,2019,12,5490,-,-,0
2020-01-01,THAILAND,2980749496,2020,1,5490,-,-,0
2020-02-01,THAILAND,2639713744,2020,2,5490,-,-,0
2020-03-01,THAILAND,3344202198,2020,3,5490,-,-,0
2020-04-01,THAILAND,2882431999,2020,4,5490,-,-,0
2020-05-01,THAILAND,2824091070,2020,5,5490,-,-,0
2020-06-01,THAILAND,2908426261,2020,6,5490,-,-,0
2020-07-01,THAILAND,3052045707,2020,7,5490,-,-,0
2020-08-01,THAILAND,3305545615,2020,8,5490,-,-,0
2020-09-01,THAILAND,3399472356,2020,9,5490,-,-,0
2020-10-01,THAILAND,3569173185,2020,10,5490,-,-,0
2020-11-01,THAILAND,3376934316,2020,11,5490,-,-,0
2020-12-01,THAILAND,3272163514,2020,12,5490,-,-,0
2021-01-01,THAILAND,3312283077,2021,1,5490,-,-,0
2021-02-01,THAILAND,3093927115,2021,2,5490,-,-,0
2021-03-01,THAILAND,3977657721,2021,3,5490,-,-,0
2021-04-01,THAILAND,3799143858,2021,4,5490,-,-,0
2021-05-01,THAILAND,4362839575,2021,5,5490,-,-,0
2021-06-01,THAILAND,4110973079,2021,6,5490,-,-,0
2021-07-01,THAILAND,3867532675,2021,7,5490,-,-,0
2021-08-01,THAILAND,4162064623,2021,8,5490,-,-,0
2021-09-01,THAILAND,4218676730,2021,9,5490,-,-,0
2021-10-01,THAILAND,4027065320,2021,10,5490,-,-,0
2021-11-01,THAILAND,4164294165,2021,11,5490,-,-,0
2021-12-01,THAILAND,4270254972,2021,12,5490,-,-,0
2022-01-01,THAILAND,4164376916,2022,1,5490,-,-,0
2022-02-01,THAILAND,4229758158,2022,2,5490,-,-,0
2022-03-01,THAILAND,5358580359,2022,3,5490,-,-,0
2022-04-01,THAILAND,4806509722,2022,4,5490,-,-,0
2022-05-01,THAILAND,5353869518,2022,5,5490,-,-,0
2022-06-01,THAILAND,4882870467,2022,6,5490,-,-,0
2022-07-01,THAILAND,4657169264,2022,7,5490,-,-,0
2022-08-01,THAILAND,5520361027,2022,8,5490,-,-,0
2022-09-01,THAILAND,5135973693,2022,9,5490,-,-,0
2022-10-01,THAILAND,5715013365,2022,10,5490,-,-,0
2022-11-01,THAILAND,4636404733,2022,11,5490,-,-,0
2022-12-01,THAILAND,4163351395,2022,12,5490,-,-,0
2023-01-01,THAILAND,4899099557,2023,1,5490,-,-,0
2023-02-01,THAILAND,3870728217,2023,2,5490,-,-,0
2023-03-01,THAILAND,4828039943,2023,3,5490,-,-,0
2023-04-01,THAILAND,4690295690,2023,4,5490,-,-,0
2023-05-01,THAILAND,4763026493,2023,5,5490,-,-,0
2023-06-01,THAILAND,4737307182,2023,6,5490,-,-,0
2023-07-01,THAILAND,4619622189,2023,7,5490,-,-,0
2023-08-01,THAILAND,4681414709,2023,8,5490,-,-,0
2023-09-01,THAILAND,4658952746,2023,9,5490,-,-,0
2023-10-01,THAILAND,5127493449,2023,10,5490,-,-,0
2023-11-01,THAILAND,4730442078,2023,11,5490,-,-,0
2023-12-01,THAILAND,4600084158,2023,12,5490,-,-,0
2024-01-01,THAILAND,4796886354,2024,1,5490,-,-,0
2024-02-01,THAILAND,4336039431,2024,2,5490,-,-,0
2024-03-01,THAILAND,5032653156,2024,3,5490,-,-,0
2024-04-01,THAILAND,5270715837,2024,4,5490,-,-,0
2024-05-01,THAILAND,5032319579,2024,5,5490,-,-,0
2024-06-01,THAILAND,5151907257,2024,6,5490,-,-,0
2024-07-01,THAILAND,5493997564,2024,7,5490,-,-,0
2024-08-01,THAILAND,5045203252,2024,8,5490,-,-,0
2024-09-01,THAILAND,5907160000,2024,9,5490,-,-,0
2024-10-01,THAILAND,6103296162,2024,10,5490,-,-,0
2024-11-01,THAILAND,5156992087,2024,11,5490,-,-,0
2024-12-01,THAILAND,5628106625,2024,12,5490,-,-,0
2025-01-01,THAILAND,5638255373,2025,1,5490,-,-,0
2025-02-01,THAILAND,4783368348,2025,2,5490,-,-,0
2025-03-01,THAILAND,7069282485,2025,3,5490,-,-,0
2025-04-01,THAILAND,6947881402,2025,4,5490,-,-,0
2025-05-01,THAILAND,6765579069,2025,5,5490,-,-,0
2025-06-01,THAILAND,7586154101,2025,6,5490,-,-,0
2025-07-01,THAILAND,8094483407,2025,7,5490,-,-,0
2016-01-01,VIETNAM,3167752425,2016,1,5520,-,-,0
2016-02-01,VIETNAM,3448125637,2016,2,5520,-,-,0
2016-03-01,VIETNAM,3308419901,2016,3,5520,-,-,0
2016-04-01,VIETNAM,2995067822,2016,4,5520,-,-,0
2016-05-01,VIETNAM,3249979702,2016,5,5520,-,-,0
2016-06-01,VIETNAM,3951898672,2016,6,5520,-,-,0
2016-07-01,VIETNAM,3530083272,2016,7,5520,-,-,0
2016-08-01,VIETNAM,3957902619,2016,8,5520,-,-,0
2016-09-01,VIETNAM,3449108922,2016,9,5520,-,-,0
2016-10-01,VIETNAM,3687279313,2016,10,5520,-,-,0
2016-11-01,VIETNAM,4022725238,2016,11,5520,-,-,0
2016-12-01,VIETNAM,3317111272,2016,12,5520,-,-,0
2017-01-01,VIETNAM,3979569022,2017,1,5520,-,-,0
2017-02-01,VIETNAM,3139653361,2017,2,5520,-,-,0
2017-03-01,VIETNAM,3083157334,2017,3,5520,-,-,0
2017-04-01,VIETNAM,3950917067,2017,4,5520,-,-,0
2017-05-01,VIETNAM,4277573829,2017,5,5520,-,-,0
2017-06-01,VIETNAM,3935519980,2017,6,5520,-,-,0
2017-07-01,VIETNAM,4004435216,2017,7,5520,-,-,0
2017-08-01,VIETNAM,4221585917,2017,8,5520,-,-,0
2017-09-01,VIETNAM,3857972573,2017,9,5520,-,-,0
2017-10-01,VIETNAM,4302437908,2017,10,5520,-,-,0
2017-11-01,VIETNAM,4002614361,2017,11,5520,-,-,0
2017-12-01,VIETNAM,3721932926,2017,12,5520,-,-,0
2018-01-01,VIETNAM,3990093724,2018,1,5520,-,-,0
2018-02-01,VIETNAM,3479480952,2018,2,5520,-,-,0
2018-03-01,VIETNAM,3908326468,2018,3,5520,-,-,0
2018-04-01,VIETNAM,3572219711,2018,4,5520,-,-,0
2018-05-01,VIETNAM,3987629644,2018,5,5520,-,-,0
2018-06-01,VIETNAM,3860768257,2018,6,5520,-,-,0
2018-07-01,VIETNAM,4205920519,2018,7,5520,-,-,0
2018-08-01,VIETNAM,4887524643,2018,8,5520,-,-,0
2018-09-01,VIETNAM,4439343852,2018,9,5520,-,-,0
2018-10-01,VIETNAM,4969166127,2018,10,5520,-,-,0
2018-11-01,VIETNAM,4055790843,2018,11,5520,-,-,0
2018-12-01,VIETNAM,3783201420,2018,12,5520,-,-,0
2019-01-01,VIETNAM,5361070302,2019,1,5520,-,-,0
2019-02-01,VIETNAM,5315797723,2019,2,5520,-,-,0
2019-03-01,VIETNAM,5258829936,2019,3,5520,-,-,0
2019-04-01,VIETNAM,4705817111,2019,4,5520,-,-,0
2019-05-01,VIETNAM,5129190998,2019,5,5520,-,-,0
2019-06-01,VIETNAM,4579101740,2019,6,5520,-,-,0
2019-07-01,VIETNAM,5512504619,2019,7,5520,-,-,0
2019-08-01,VIETNAM,6797197029,2019,8,5520,-,-,0
2019-09-01,VIETNAM,6162347476,2019,9,5520,-,-,0
2019-10-01,VIETNAM,6359414003,2019,10,5520,-,-,0
2019-11-01,VIETNAM,5492311756,2019,11,5520,-,-,0
2019-12-01,VIETNAM,5763755872,2019,12,5520,-,-,0
2020-01-01,VIETNAM,6125356435,2020,1,5520,-,-,0
2020-02-01,VIETNAM,6031865630,2020,2,5520,-,-,0
2020-03-01,VIETNAM,5181046254,2020,3,5520,-,-,0
2020-04-01,VIETNAM,4999940670,2020,4,5520,-,-,0
2020-05-01,VIETNAM,4848335339,2020,5,5520,-,-,0
2020-06-01,VIETNAM,5868799335,2020,6,5520,-,-,0
2020-07-01,VIETNAM,7524736460,2020,7,5520,-,-,0
2020-08-01,VIETNAM,8370495626,2020,8,5520,-,-,0
2020-09-01,VIETNAM,7919532461,2020,9,5520,-,-,0
2020-10-01,VIETNAM,7941606649,2020,10,5520,-,-,0
2020-11-01,VIETNAM,7853564277,2020,11,5520,-,-,0
2020-12-01,VIETNAM,6917069961,2020,12,5520,-,-,0
2021-01-01,VIETNAM,7661973987,2021,1,5520,-,-,0
2021-02-01,VIETNAM,6755720417,2021,2,5520,-,-,0
2021-03-01,VIETNAM,8825091495,2021,3,5520,-,-,0
2021-04-01,VIETNAM,7966634834,2021,4,5520,-,-,0
2021-05-01,VIETNAM,8574499593,2021,5,5520,-,-,0
2021-06-01,VIETNAM,8114652896,2021,6,5520,-,-,0
2021-07-01,VIETNAM,8229917349,2021,7,5520,-,-,0
2021-08-01,VIETNAM,9362450061,2021,8,5520,-,-,0
2021-09-01,VIETNAM,8320409232,2021,9,5520,-,-,0
2021-10-01,VIETNAM,9183770779,2021,10,5520,-,-,0
2021-11-01,VIETNAM,9372093877,2021,11,5520,-,-,0
2021-12-01,VIETNAM,9571718107,2021,12,5520,-,-,0
2022-01-01,VIETNAM,9878484981,2022,1,5520,-,-,0
2022-02-01,VIETNAM,8170888214,2022,2,5520,-,-,0
2022-03-01,VIETNAM,11465865613,2022,3,5520,-,-,0
2022-04-01,VIETNAM,10926846916,2022,4,5520,-,-,0
2022-05-01,VIETNAM,11815125636,2022,5,5520,-,-,0
2022-06-01,VIETNAM,11545857084,2022,6,5520,-,-,0
2022-07-01,VIETNAM,10623824633,2022,7,5520,-,-,0
2022-08-01,VIETNAM,12406305666,2022,8,5520,-,-,0
2022-09-01,VIETNAM,11580666704,2022,9,5520,-,-,0
2022-10-01,VIETNAM,11090107470,2022,10,5520,-,-,0
2022-11-01,VIETNAM,9403700085,2022,11,5520,-,-,0
2022-12-01,VIETNAM,8539135068,2022,12,5520,-,-,0
2023-01-01,VIETNAM,9235323179,2023,1,5520,-,-,0
2023-02-01,VIETNAM,8284314497,2023,2,5520,-,-,0
2023-03-01,VIETNAM,8228942458,2023,3,5520,-,-,0
2023-04-01,VIETNAM,8571868296,2023,4,5520,-,-,0
2023-05-01,VIETNAM,9179597263,2023,5,5520,-,-,0
2023-06-01,VIETNAM,9233436803,2023,6,5520,-,-,0
2023-07-01,VIETNAM,10046487945,2023,7,5520,-,-,0
2023-08-01,VIETNAM,10189751737,2023,8,5520,-,-,0
2023-09-01,VIETNAM,10664082440,2023,9,5520,-,-,0
2023-10-01,VIETNAM,10822643543,2023,10,5520,-,-,0
2023-11-01,VIETNAM,10283723648,2023,11,5520,-,-,0
2023-12-01,VIETNAM,9642726906,2023,12,5520,-,-,0
2024-01-01,VIETNAM,9519580662,2024,1,5520,-,-,0
2024-02-01,VIETNAM,9546970781,2024,2,5520,-,-,0
2024-03-01,VIETNAM,9959301874,2024,3,5520,-,-,0
2024-04-01,VIETNAM,10105687734,2024,4,5520,-,-,0
2024-05-01,VIETNAM,11368953789,2024,5,5520,-,-,0
2024-06-01,VIETNAM,11429373657,2024,6,5520,-,-,0
2024-07-01,VIETNAM,11925518106,2024,7,5520,-,-,0
2024-08-01,VIETNAM,11838770300,2024,8,5520,-,-,0
2024-09-01,VIETNAM,13922658750,2024,9,5520,-,-,0
2024-10-01,VIETNAM,12832591331,2024,10,5520,-,-,0
2024-11-01,VIETNAM,12122851718,2024,11,5520,-,-,0
2024-12-01,VIETNAM,11745343762,2024,12,5520,-,-,0
2025-01-01,VIETNAM,12991588955,2025,1,5520,-,-,0
2025-02-01,VIETNAM,11919800496,2025,2,5520,-,-,0
2025-03-01,VIETNAM,14788649471,2025,3,5520,-,-,0
2025-04-01,VIETNAM,14844563387,2025,4,5520,-,-,0
2025-05-01,VIETNAM,15987785835,2025,5,5520,-,-,0
2025-06-01,VIETNAM,17760252300,2025,6,5520,-,-,0
2025-07-01,VIETNAM,17990945730,2025,7,5520,-,-,0
2016-01-01,MALAYSIA,2473690986,2016,1,5570,-,-,0
2016-02-01,MALAYSIA,2660852695,2016,2,5570,-,-,0
2016-03-01,MALAYSIA,3139290806,2016,3,5570,-,-,0
2016-04-01,MALAYSIA,3049846235,2016,4,5570,-,-,0
2016-05-01,MALAYSIA,3162260403,2016,5,5570,-,-,0
2016-06-01,MALAYSIA,3292093538,2016,6,5570,-,-,0
2016-07-01,MALAYSIA,3057098456,2016,7,5570,-,-,0
2016-08-01,MALAYSIA,3262083822,2016,8,5570,-,-,0
2016-09-01,MALAYSIA,3037778229,2016,9,5570,-,-,0
2016-10-01,MALAYSIA,3147511733,2016,10,5570,-,-,0
2016-11-01,MALAYSIA,3238954575,2016,11,5570,-,-,0
2016-12-01,MALAYSIA,3085936153,2016,12,5570,-,-,0
2017-01-01,MALAYSIA,2880413450,2017,1,5570,-,-,0
2017-02-01,MALAYSIA,2696724745,2017,2,5570,-,-,0
2017-03-01,MALAYSIA,3182091100,2017,3,5570,-,-,0
2017-04-01,MALAYSIA,2787463507,2017,4,5570,-,-,0
2017-05-01,MALAYSIA,3263426428,2017,5,5570,-,-,0
2017-06-01,MALAYSIA,3292035152,2017,6,5570,-,-,0
2017-07-01,MALAYSIA,2966039472,2017,7,5570,-,-,0
2017-08-01,MALAYSIA,3165768519,2017,8,5570,-,-,0
2017-09-01,MALAYSIA,3158151881,2017,9,5570,-,-,0
2017-10-01,MALAYSIA,3191814732,2017,10,5570,-,-,0
2017-11-01,MALAYSIA,3552840297,2017,11,5570,-,-,0
2017-12-01,MALAYSIA,3232403891,2017,12,5570,-,-,0
2018-01-01,MALAYSIA,2937220974,2018,1,5570,-,-,0
2018-02-01,MALAYSIA,3143272821,2018,2,5570,-,-,0
2018-03-01,MALAYSIA,3184406803,2018,3,5570,-,-,0
2018-04-01,MALAYSIA,3389167812,2018,4,5570,-,-,0
2018-05-01,MALAYSIA,3631129703,2018,5,5570,-,-,0
2018-06-01,MALAYSIA,3128391626,2018,6,5570,-,-,0
2018-07-01,MALAYSIA,3239124522,2018,7,5570,-,-,0
2018-08-01,MALAYSIA,3497098283,2018,8,5570,-,-,0
2018-09-01,MALAYSIA,3274106973,2018,9,5570,-,-,0
2018-10-01,MALAYSIA,3216142087,2018,10,5570,-,-,0
2018-11-01,MALAYSIA,3287384111,2018,11,5570,-,-,0
2018-12-01,MALAYSIA,3414688028,2018,12,5570,-,-,0
2019-01-01,MALAYSIA,3002365451,2019,1,5570,-,-,0
2019-02-01,MALAYSIA,2706345853,2019,2,5570,-,-,0
2019-03-01,MALAYSIA,3413881267,2019,3,5570,-,-,0
2019-04-01,MALAYSIA,2874842237,2019,4,5570,-,-,0
2019-05-01,MALAYSIA,3348827013,2019,5,5570,-,-,0
2019-06-01,MALAYSIA,3094975740,2019,6,5570,-,-,0
2019-07-01,MALAYSIA,3295506492,2019,7,5570,-,-,0
2019-08-01,MALAYSIA,3902551402,2019,8,5570,-,-,0
2019-09-01,MALAYSIA,3402051500,2019,9,5570,-,-,0
2019-10-01,MALAYSIA,4119679021,2019,10,5570,-,-,0
2019-11-01,MALAYSIA,3506314782,2019,11,5570,-,-,0
2019-12-01,MALAYSIA,3843640832,2019,12,5570,-,-,0
2020-01-01,MALAYSIA,3533764630,2020,1,5570,-,-,0
2020-02-01,MALAYSIA,3270524813,2020,2,5570,-,-,0
2020-03-01,MALAYSIA,4096336657,2020,3,5570,-,-,0
2020-04-01,MALAYSIA,2736240725,2020,4,5570,-,-,0
2020-05-01,MALAYSIA,2874270170,2020,5,5570,-,-,0
2020-06-01,MALAYSIA,3402537723,2020,6,5570,-,-,0
2020-07-01,MALAYSIA,3394396288,2020,7,5570,-,-,0
2020-08-01,MALAYSIA,3841408619,2020,8,5570,-,-,0
2020-09-01,MALAYSIA,4126894534,2020,9,5570,-,-,0
2020-10-01,MALAYSIA,4344530975,2020,10,5570,-,-,0
2020-11-01,MALAYSIA,4061464907,2020,11,5570,-,-,0
2020-12-01,MALAYSIA,4415798660,2020,12,5570,-,-,0
2021-01-01,MALAYSIA,3751451965,2021,1,5570,-,-,0
2021-02-01,MALAYSIA,3588198462,2021,2,5570,-,-,0
2021-03-01,MALAYSIA,5436481323,2021,3,5570,-,-,0
2021-04-01,MALAYSIA,4558195175,2021,4,5570,-,-,0
2021-05-01,MALAYSIA,5100880066,2021,5,5570,-,-,0
2021-06-01,MALAYSIA,5126828695,2021,6,5570,-,-,0
2021-07-01,MALAYSIA,4841867520,2021,7,5570,-,-,0
2021-08-01,MALAYSIA,5260896427,2021,8,5570,-,-,0
2021-09-01,MALAYSIA,4578334910,2021,9,5570,-,-,0
2021-10-01,MALAYSIA,4250176821,2021,10,5570,-,-,0
2021-11-01,MALAYSIA,4411415091,2021,11,5570,-,-,0
2021-12-01,MALAYSIA,5148880190,2021,12,5570,-,-,0
2022-01-01,MALAYSIA,4205281205,2022,1,5570,-,-,0
2022-02-01,MALAYSIA,3768931466,2022,2,5570,-,-,0
2022-03-01,MALAYSIA,5261517054,2022,3,5570,-,-,0
2022-04-01,MALAYSIA,4464264594,2022,4,5570,-,-,0
2022-05-01,MALAYSIA,4639040596,2022,5,5570,-,-,0
2022-06-01,MALAYSIA,4712403616,2022,6,5570,-,-,0
2022-07-01,MALAYSIA,4316947560,2022,7,5570,-,-,0
2022-08-01,MALAYSIA,4544192022,2022,8,5570,-,-,0
2022-09-01,MALAYSIA,4943217715,2022,9,5570,-,-,0
2022-10-01,MALAYSIA,4843697441,2022,10,5570,-,-,0
2022-11-01,MALAYSIA,4392289569,2022,11,5570,-,-,0
2022-12-01,MALAYSIA,3975182401,2022,12,5570,-,-,0
2023-01-01,MALAYSIA,3961798947,2023,1,5570,-,-,0
2023-02-01,MALAYSIA,3574001244,2023,2,5570,-,-,0
2023-03-01,MALAYSIA,4453725384,2023,3,5570,-,-,0
2023-04-01,MALAYSIA,3458000459,2023,4,5570,-,-,0
2023-05-01,MALAYSIA,3752904140,2023,5,5570,-,-,0
2023-06-01,MALAYSIA,3976166604,2023,6,5570,-,-,0
2023-07-01,MALAYSIA,3853280131,2023,7,5570,-,-,0
2023-08-01,MALAYSIA,3586880919,2023,8,5570,-,-,0
2023-09-01,MALAYSIA,3827314501,2023,9,5570,-,-,0
2023-10-01,MALAYSIA,4011628918,2023,10,5570,-,-,0
2023-11-01,MALAYSIA,3597053376,2023,11,5570,-,-,0
2023-12-01,MALAYSIA,4100310752,2023,12,5570,-,-,0
2024-01-01,MALAYSIA,3540697748,2024,1,5570,-,-,0
2024-02-01,MALAYSIA,3533579350,2024,2,5570,-,-,0
2024-03-01,MALAYSIA,4118619527,2024,3,5570,-,-,0
2024-04-01,MALAYSIA,4074328079,2024,4,5570,-,-,0
2024-05-01,MALAYSIA,4282578756,2024,5,5570,-,-,0
2024-06-01,MALAYSIA,4070829796,2024,6,5570,-,-,0
2024-07-01,MALAYSIA,4461472387,2024,7,5570,-,-,0
2024-08-01,MALAYSIA,4437446328,2024,8,5570,-,-,0
2024-09-01,MALAYSIA,5009373320,2024,9,5570,-,-,0
2024-10-01,MALAYSIA,5087971558,2024,10,5570,-,-,0
2024-11-01,MALAYSIA,4766252709,2024,11,5570,-,-,0
2024-12-01,MALAYSIA,4780267677,2024,12,5570,-,-,0
2025-01-01,MALAYSIA,4624764463,2025,1,5570,-,-,0
2025-02-01,MALAYSIA,4323003543,2025,2,5570,-,-,0
2025-03-01,MALAYSIA,5624024834,2025,3,5570,-,-,0
2025-04-01,MALAYSIA,4708953265,2025,4,5570,-,-,0
2025-05-01,MALAYSIA,5026962403,2025,5,5570,-,-,0
2025-06-01,MALAYSIA,5236631758,2025,6,5570,-,-,0
2025-07-01,MALAYSIA,5099927930,2025,7,5570,-,-,0
2016-01-01,SINGAPORE,1278786455,2016,1,5590,-,-,0
2016-02-01,SINGAPORE,1230416065,2016,2,5590,-,-,0
2016-03-01,SINGAPORE,1742519918,2016,3,5590,-,-,0
2016-04-01,SINGAPORE,1470546632,2016,4,5590,-,-,0
2016-05-01,SINGAPORE,1844786023,2016,5,5590,-,-,0
2016-06-01,SINGAPORE,1832231723,2016,6,5590,-,-,0
2016-07-01,SINGAPORE,1431068021,2016,7,5590,-,-,0
2016-08-01,SINGAPORE,1508170028,2016,8,5590,-,-,0
2016-09-01,SINGAPORE,1641096323,2016,9,5590,-,-,0
2016-10-01,SINGAPORE,1228472826,2016,10,5590,-,-,0
2016-11-01,SINGAPORE,1433456360,2016,11,5590,-,-,0
2016-12-01,SINGAPORE,1190555466,2016,12,5590,-,-,0
2017-01-01,SINGAPORE,1215733381,2017,1,5590,-,-,0
2017-02-01,SINGAPORE,1214806611,2017,2,5590,-,-,0
2017-03-01,SINGAPORE,1806495639,2017,3,5590,-,-,0
2017-04-01,SINGAPORE,1606793720,2017,4,5590,-,-,0
2017-05-01,SINGAPORE,1726483192,2017,5,5590,-,-,0
2017-06-01,SINGAPORE,1729497514,2017,6,5590,-,-,0
2017-07-01,SINGAPORE,1727967495,2017,7,5590,-,-,0
2017-08-01,SINGAPORE,1700338089,2017,8,5590,-,-,0
2017-09-01,SINGAPORE,1776918469,2017,9,5590,-,-,0
2017-10-01,SINGAPORE,1839066796,2017,10,5590,-,-,0
2017-11-01,SINGAPORE,1575221174,2017,11,5590,-,-,0
2017-12-01,SINGAPORE,1448068912,2017,12,5590,-,-,0
2018-01-01,SINGAPORE,1798922773,2018,1,5590,-,-,0
2018-02-01,SINGAPORE,1705295571,2018,2,5590,-,-,0
2018-03-01,SINGAPORE,2321482440,2018,3,5590,-,-,0
2018-04-01,SINGAPORE,2346331913,2018,4,5590,-,-,0
2018-05-01,SINGAPORE,2499878474,2018,5,5590,-,-,0
2018-06-01,SINGAPORE,2283092363,2018,6,5590,-,-,0
2018-07-01,SINGAPORE,2651356337,2018,7,5590,-,-,0
2018-08-01,SINGAPORE,2122701382,2018,8,5590,-,-,0
2018-09-01,SINGAPORE,2404033331,2018,9,5590,-,-,0
2018-10-01,SINGAPORE,2421617963,2018,10,5590,-,-,0
2018-11-01,SINGAPORE,1992328834,2018,11,5590,-,-,0
2018-12-01,SINGAPORE,1972723407,2018,12,5590,-,-,0
2019-01-01,SINGAPORE,2201298718,2019,1,5590,-,-,0
2019-02-01,SINGAPORE,1799991169,2019,2,5590,-,-,0
2019-03-01,SINGAPORE,2302859762,2019,3,5590,-,-,0
2019-04-01,SINGAPORE,2308394823,2019,4,5590,-,-,0
2019-05-01,SINGAPORE,2272284724,2019,5,5590,-,-,0
2019-06-01,SINGAPORE,2622272421,2019,6,5590,-,-,0
2019-07-01,SINGAPORE,2690586558,2019,7,5590,-,-,0
2019-08-01,SINGAPORE,2004841370,2019,8,5590,-,-,0
2019-09-01,SINGAPORE,2065854850,2019,9,5590,-,-,0
2019-10-01,SINGAPORE,2071645791,2019,10,5590,-,-,0
2019-11-01,SINGAPORE,1884127435,2019,11,5590,-,-,0
2019-12-01,SINGAPORE,2171697921,2019,12,5590,-,-,0
2020-01-01,SINGAPORE,2515582219,2020,1,5590,-,-,0
2020-02-01,SINGAPORE,1947195687,2020,2,5590,-,-,0
2020-03-01,SINGAPORE,2448954143,2020,3,5590,-,-,0
2020-04-01,SINGAPORE,3529501928,2020,4,5590,-,-,0
2020-05-01,SINGAPORE,3384687032,2020,5,5590,-,-,0
2020-06-01,SINGAPORE,2368359865,2020,6,5590,-,-,0
2020-07-01,SINGAPORE,3337215458,2020,7,5590,-,-,0
2020-08-01,SINGAPORE,1969541308,2020,8,5590,-,-,0
2020-09-01,SINGAPORE,2158563414,2020,9,5590,-,-,0
2020-10-01,SINGAPORE,2263373581,2020,10,5590,-,-,0
2020-11-01,SINGAPORE,1988520360,2020,11,5590,-,-,0
2020-12-01,SINGAPORE,2863484996,2020,12,5590,-,-,0
2021-01-01,SINGAPORE,2325122574,2021,1,5590,-,-,0
2021-02-01,SINGAPORE,1779814386,2021,2,5590,-,-,0
2021-03-01,SINGAPORE,2940205656,2021,3,5590,-,-,0
2021-04-01,SINGAPORE,2524952188,2021,4,5590,-,-,0
2021-05-01,SINGAPORE,2526039178,2021,5,5590,-,-,0
2021-06-01,SINGAPORE,2588556249,2021,6,5590,-,-,0
2021-07-01,SINGAPORE,2496329388,2021,7,5590,-,-,0
2021-08-01,SINGAPORE,2190544859,2021,8,5590,-,-,0
2021-09-01,SINGAPORE,2999780697,2021,9,5590,-,-,0
2021-10-01,SINGAPORE,2487090981,2021,10,5590,-,-,0
2021-11-01,SINGAPORE,2457617573,2021,11,5590,-,-,0
2021-12-01,SINGAPORE,2300031084,2021,12,5590,-,-,0
2022-01-01,SINGAPORE,2431215885,2022,1,5590,-,-,0
2022-02-01,SINGAPORE,1876341192,2022,2,5590,-,-,0
2022-03-01,SINGAPORE,3843268337,2022,3,5590,-,-,0
2022-04-01,SINGAPORE,2750037194,2022,4,5590,-,-,0
2022-05-01,SINGAPORE,2572213687,2022,5,5590,-,-,0
2022-06-01,SINGAPORE,2635895769,2022,6,5590,-,-,0
2022-07-01,SINGAPORE,2245651863,2022,7,5590,-,-,0
2022-08-01,SINGAPORE,2695455644,2022,8,5590,-,-,0
2022-09-01,SINGAPORE,2318374869,2022,9,5590,-,-,0
2022-10-01,SINGAPORE,3240912148,2022,10,5590,-,-,0
2022-11-01,SINGAPORE,2405262924,2022,11,5590,-,-,0
2022-12-01,SINGAPORE,2585543076,2022,12,5590,-,-,0
2023-01-01,SINGAPORE,3138270136,2023,1,5590,-,-,0
2023-02-01,SINGAPORE,2779745335,2023,2,5590,-,-,0
2023-03-01,SINGAPORE,3461369988,2023,3,5590,-,-,0
2023-04-01,SINGAPORE,4234390575,2023,4,5590,-,-,0
2023-05-01,SINGAPORE,3207970510,2023,5,5590,-,-,0
2023-06-01,SINGAPORE,3506063075,2023,6,5590,-,-,0
2023-07-01,SINGAPORE,3323372703,2023,7,5590,-,-,0
2023-08-01,SINGAPORE,4751008987,2023,8,5590,-,-,0
2023-09-01,SINGAPORE,3243956126,2023,9,5590,-,-,0
2023-10-01,SINGAPORE,3787442689,2023,10,5590,-,-,0
2023-11-01,SINGAPORE,3087471411,2023,11,5590,-,-,0
2023-12-01,SINGAPORE,2299804529,2023,12,5590,-,-,0
2024-01-01,SINGAPORE,3270386524,2024,1,5590,-,-,0
2024-02-01,SINGAPORE,3385868181,2024,2,5590,-,-,0
2024-03-01,SINGAPORE,3388091252,2024,3,5590,-,-,0
2024-04-01,SINGAPORE,4112101741,2024,4,5590,-,-,0
2024-05-01,SINGAPORE,3521112145,2024,5,5590,-,-,0
2024-06-01,SINGAPORE,4294020756,2024,6,5590,-,-,0
2024-07-01,SINGAPORE,4917373275,2024,7,5590,-,-,0
2024-08-01,SINGAPORE,3234598510,2024,8,5590,-,-,0
2024-09-01,SINGAPORE,2894837775,2024,9,5590,-,-,0
2024-10-01,SINGAPORE,3231837570,2024,10,5590,-,-,0
2024-11-01,SINGAPORE,3392957374,2024,11,5590,-,-,0
2024-12-01,SINGAPORE,3615997917,2024,12,5590,-,-,0
2025-01-01,SINGAPORE,4450588334,2025,1,5590,-,-,0
2025-02-01,SINGAPORE,3865983931,2025,2,5590,-,-,0
2025-03-01,SINGAPORE,2933388285,2025,3,5590,-,-,0
2025-04-01,SINGAPORE,3577148938,2025,4,5590,-,-,0
2025-05-01,SINGAPORE,3130697060,2025,5,5590,-,-,0
2025-06-01,SINGAPORE,2958730928,2025,6,5590,-,-,0
2025-07-01,SINGAPORE,3393645985,2025,7,5590,-,-,0
2016-01-01,CHINA,37126434120,2016,1,5700,-,-,0
2016-02-01,CHINA,36066892525,2016,2,5700,-,-,0
2016-03-01,CHINA,29812326908,2016,3,5700,-,-,0
2016-04-01,CHINA,32920204539,2016,4,5700,-,-,0
2016-05-01,CHINA,37513726589,2016,5,5700,-,-,0
2016-06-01,CHINA,38539190214,2016,6,5700,-,-,0
2016-07-01,CHINA,39438857738,2016,7,5700,-,-,0
2016-08-01,CHINA,43221774205,2016,8,5700,-,-,0
2016-09-01,CHINA,42020928547,2016,9,5700,-,-,0
2016-10-01,CHINA,43798098424,2016,10,5700,-,-,0
2016-11-01,CHINA,42602631733,2016,11,5700,-,-,0
2016-12-01,CHINA,39358926061,2016,12,5700,-,-,0
2017-01-01,CHINA,41335553396,2017,1,5700,-,-,0
2017-02-01,CHINA,32784957412,2017,2,5700,-,-,0
2017-03-01,CHINA,34161993661,2017,3,5700,-,-,0
2017-04-01,CHINA,37441870879,2017,4,5700,-,-,0
2017-05-01,CHINA,41756844722,2017,5,5700,-,-,0
2017-06-01,CHINA,42258078621,2017,6,5700,-,-,0
2017-07-01,CHINA,43561110857,2017,7,5700,-,-,0
2017-08-01,CHINA,45782311949,2017,8,5700,-,-,0
2017-09-01,CHINA,45405051275,2017,9,5700,-,-,0
2017-10-01,CHINA,48133149629,2017,10,5700,-,-,0
2017-11-01,CHINA,48104793415,2017,11,5700,-,-,0
2017-12-01,CHINA,44439382241,2017,12,5700,-,-,0
2018-01-01,CHINA,45681310362,2018,1,5700,-,-,0
2018-02-01,CHINA,38956173961,2018,2,5700,-,-,0
2018-03-01,CHINA,38273829291,2018,3,5700,-,-,0
2018-04-01,CHINA,38227767574,2018,4,5700,-,-,0
2018-05-01,CHINA,43866578304,2018,5,5700,-,-,0
2018-06-01,CHINA,44524005052,2018,6,5700,-,-,0
2018-07-01,CHINA,47009750007,2018,7,5700,-,-,0
2018-08-01,CHINA,47796194112,2018,8,5700,-,-,0
2018-09-01,CHINA,49938049895,2018,9,5700,-,-,0
2018-10-01,CHINA,52081070497,2018,10,5700,-,-,0
2018-11-01,CHINA,46344570969,2018,11,5700,-,-,0
2018-12-01,CHINA,45814858502,2018,12,5700,-,-,0
2019-01-01,CHINA,41302508180,2019,1,5700,-,-,0
2019-02-01,CHINA,33027758098,2019,2,5700,-,-,0
2019-03-01,CHINA,31078662933,2019,3,5700,-,-,0
2019-04-01,CHINA,34499454932,2019,4,5700,-,-,0
2019-05-01,CHINA,39023881706,2019,5,5700,-,-,0
2019-06-01,CHINA,38732975180,2019,6,5700,-,-,0
2019-07-01,CHINA,41237166159,2019,7,5700,-,-,0
2019-08-01,CHINA,40955642945,2019,8,5700,-,-,0
2019-09-01,CHINA,39866673154,2019,9,5700,-,-,0
2019-10-01,CHINA,39794889454,2019,10,5700,-,-,0
2019-11-01,CHINA,36172914882,2019,11,5700,-,-,0
2019-12-01,CHINA,33418149084,2019,12,5700,-,-,0
2020-01-01,CHINA,32944673286,2020,1,5700,-,-,0
2020-02-01,CHINA,22576609689,2020,2,5700,-,-,0
2020-03-01,CHINA,19638123468,2020,3,5700,-,-,0
2020-04-01,CHINA,30730147843,2020,4,5700,-,-,0
2020-05-01,CHINA,36318738261,2020,5,5700,-,-,0
2020-06-01,CHINA,37286885658,2020,6,5700,-,-,0
2020-07-01,CHINA,40469812982,2020,7,5700,-,-,0
2020-08-01,CHINA,40598942662,2020,8,5700,-,-,0
2020-09-01,CHINA,41003217161,2020,9,5700,-,-,0
2020-10-01,CHINA,44654266193,2020,10,5700,-,-,0
2020-11-01,CHINA,44700409933,2020,11,5700,-,-,0
2020-12-01,CHINA,41626191515,2020,12,5700,-,-,0
2021-01-01,CHINA,38835275419,2021,1,5700,-,-,0
2021-02-01,CHINA,33816759940,2021,2,5700,-,-,0
2021-03-01,CHINA,39934039704,2021,3,5700,-,-,0
2021-04-01,CHINA,37371138998,2021,4,5700,-,-,0
2021-05-01,CHINA,38486525451,2021,5,5700,-,-,0
2021-06-01,CHINA,39779270246,2021,6,5700,-,-,0
2021-07-01,CHINA,40290914463,2021,7,5700,-,-,0
2021-08-01,CHINA,42897843401,2021,8,5700,-,-,0
2021-09-01,CHINA,47350944635,2021,9,5700,-,-,0
2021-10-01,CHINA,47873453886,2021,10,5700,-,-,0
2021-11-01,CHINA,48234758989,2021,11,5700,-,-,0
2021-12-01,CHINA,49375341266,2021,12,5700,-,-,0
2022-01-01,CHINA,47667077458,2022,1,5700,-,-,0
2022-02-01,CHINA,42297863971,2022,2,5700,-,-,0
2022-03-01,CHINA,47285271444,2022,3,5700,-,-,0
2022-04-01,CHINA,41727289477,2022,4,5700,-,-,0
2022-05-01,CHINA,43769593642,2022,5,5700,-,-,0
2022-06-01,CHINA,48488064176,2022,6,5700,-,-,0
2022-07-01,CHINA,46565042288,2022,7,5700,-,-,0
2022-08-01,CHINA,50383134999,2022,8,5700,-,-,0
2022-09-01,CHINA,49270250025,2022,9,5700,-,-,0
2022-10-01,CHINA,44670639494,2022,10,5700,-,-,0
2022-11-01,CHINA,36915671360,2022,11,5700,-,-,0
2022-12-01,CHINA,37228790900,2022,12,5700,-,-,0
2023-01-01,CHINA,38157722699,2023,1,5700,-,-,0
2023-02-01,CHINA,30565457776,2023,2,5700,-,-,0
2023-03-01,CHINA,30789177739,2023,3,5700,-,-,0
2023-04-01,CHINA,33074676730,2023,4,5700,-,-,0
2023-05-01,CHINA,35874444829,2023,5,5700,-,-,0
2023-06-01,CHINA,34312055086,2023,6,5700,-,-,0
2023-07-01,CHINA,36112034255,2023,7,5700,-,-,0
2023-08-01,CHINA,36830775215,2023,8,5700,-,-,0
2023-09-01,CHINA,40252484038,2023,9,5700,-,-,0
2023-10-01,CHINA,41561686424,2023,10,5700,-,-,0
2023-11-01,CHINA,35536269646,2023,11,5700,-,-,0
2023-12-01,CHINA,34167527826,2023,12,5700,-,-,0
2024-01-01,CHINA,35770786274,2024,1,5700,-,-,0
2024-02-01,CHINA,31863545208,2024,2,5700,-,-,0
2024-03-01,CHINA,29928941186,2024,3,5700,-,-,0
2024-04-01,CHINA,31618250760,2024,4,5700,-,-,0
2024-05-01,CHINA,35047590046,2024,5,5700,-,-,0
2024-06-01,CHINA,34165560562,2024,6,5700,-,-,0
2024-07-01,CHINA,40868789849,2024,7,5700,-,-,0
2024-08-01,CHINA,39980150933,2024,8,5700,-,-,0
2024-09-01,CHINA,43163583103,2024,9,5700,-,-,0
2024-10-01,CHINA,42019923773,2024,10,5700,-,-,0
2024-11-01,CHINA,38129370238,2024,11,5700,-,-,0
2024-12-01,CHINA,37762896038,2024,12,5700,-,-,0
2025-01-01,CHINA,41770432020,2025,1,5700,-,-,0
2025-02-01,CHINA,31654580012,2025,2,5700,-,-,0
2025-03-01,CHINA,29510815086,2025,3,5700,-,-,0
2025-04-01,CHINA,25332364312,2025,4,5700,-,-,0
2025-05-01,CHINA,20424522008,2025,5,5700,-,-,0
2025-06-01,CHINA,18898740452,2025,6,5700,-,-,0
2025-07-01,CHINA,26383579659,2025,7,5700,-,-,0
2016-01-01,HONG KONG,485298730,2016,1,5820,-,-,0
2016-02-01,HONG KONG,412804036,2016,2,5820,-,-,0
2016-03-01,HONG KONG,689300111,2016,3,5820,-,-,0
2016-04-01,HONG KONG,536042836,2016,4,5820,-,-,0
2016-05-01,HONG KONG,813689318,2016,5,5820,-,-,0
2016-06-01,HONG KONG,576158464,2016,6,5820,-,-,0
2016-07-01,HONG KONG,682556038,2016,7,5820,-,-,0
2016-08-01,HONG KONG,493412046,2016,8,5820,-,-,0
2016-09-01,HONG KONG,1027959463,2016,9,5820,-,-,0
2016-10-01,HONG KONG,565318636,2016,10,5820,-,-,0
2016-11-01,HONG KONG,560727654,2016,11,5820,-,-,0
2016-12-01,HONG KONG,563548028,2016,12,5820,-,-,0
2017-01-01,HONG KONG,603186450,2017,1,5820,-,-,0
2017-02-01,HONG KONG,438896692,2017,2,5820,-,-,0
2017-03-01,HONG KONG,803411222,2017,3,5820,-,-,0
2017-04-01,HONG KONG,660452792,2017,4,5820,-,-,0
2017-05-01,HONG KONG,739874290,2017,5,5820,-,-,0
2017-06-01,HONG KONG,623474606,2017,6,5820,-,-,0
2017-07-01,HONG KONG,520273412,2017,7,5820,-,-,0
2017-08-01,HONG KONG,415156876,2017,8,5820,-,-,0
2017-09-01,HONG KONG,805987264,2017,9,5820,-,-,0
2017-10-01,HONG KONG,679211667,2017,10,5820,-,-,0
2017-11-01,HONG KONG,521292946,2017,11,5820,-,-,0
2017-12-01,HONG KONG,560995069,2017,12,5820,-,-,0
2018-01-01,HONG KONG,514275041,2018,1,5820,-,-,0
2018-02-01,HONG KONG,428846655,2018,2,5820,-,-,0
2018-03-01,HONG KONG,523930376,2018,3,5820,-,-,0
2018-04-01,HONG KONG,808947204,2018,4,5820,-,-,0
2018-05-01,HONG KONG,578264342,2018,5,5820,-,-,0
2018-06-01,HONG KONG,564808407,2018,6,5820,-,-,0
2018-07-01,HONG KONG,390318426,2018,7,5820,-,-,0
2018-08-01,HONG KONG,458877354,2018,8,5820,-,-,0
2018-09-01,HONG KONG,755465300,2018,9,5820,-,-,0
2018-10-01,HONG KONG,511784905,2018,10,5820,-,-,0
2018-11-01,HONG KONG,379274891,2018,11,5820,-,-,0
2018-12-01,HONG KONG,356387038,2018,12,5820,-,-,0
2019-01-01,HONG KONG,349467791,2019,1,5820,-,-,0
2019-02-01,HONG KONG,222633050,2019,2,5820,-,-,0
2019-03-01,HONG KONG,497114013,2019,3,5820,-,-,0
2019-04-01,HONG KONG,503217893,2019,4,5820,-,-,0
2019-05-01,HONG KONG,394255268,2019,5,5820,-,-,0
2019-06-01,HONG KONG,310392388,2019,6,5820,-,-,0
2019-07-01,HONG KONG,298053451,2019,7,5820,-,-,0
2019-08-01,HONG KONG,342547118,2019,8,5820,-,-,0
2019-09-01,HONG KONG,538896396,2019,9,5820,-,-,0
2019-10-01,HONG KONG,566209428,2019,10,5820,-,-,0
2019-11-01,HONG KONG,298153749,2019,11,5820,-,-,0
2019-12-01,HONG KONG,407770963,2019,12,5820,-,-,0
2020-01-01,HONG KONG,317104043,2020,1,5820,-,-,0
2020-02-01,HONG KONG,201637568,2020,2,5820,-,-,0
2020-03-01,HONG KONG,438626540,2020,3,5820,-,-,0
2020-04-01,HONG KONG,2369197063,2020,4,5820,-,-,0
2020-05-01,HONG KONG,2009871669,2020,5,5820,-,-,0
2020-06-01,HONG KONG,722866967,2020,6,5820,-,-,0
2020-07-01,HONG KONG,436809238,2020,7,5820,-,-,0
2020-08-01,HONG KONG,240589052,2020,8,5820,-,-,0
2020-09-01,HONG KONG,348282822,2020,9,5820,-,-,0
2020-10-01,HONG KONG,303269983,2020,10,5820,-,-,0
2020-11-01,HONG KONG,323646561,2020,11,5820,-,-,0
2020-12-01,HONG KONG,207518359,2020,12,5820,-,-,0
2021-01-01,HONG KONG,268150995,2021,1,5820,-,-,0
2021-02-01,HONG KONG,276622129,2021,2,5820,-,-,0
2021-03-01,HONG KONG,236567713,2021,3,5820,-,-,0
2021-04-01,HONG KONG,391756556,2021,4,5820,-,-,0
2021-05-01,HONG KONG,310905184,2021,5,5820,-,-,0
2021-06-01,HONG KONG,334198239,2021,6,5820,-,-,0
2021-07-01,HONG KONG,298363753,2021,7,5820,-,-,0
2021-08-01,HONG KONG,310950530,2021,8,5820,-,-,0
2021-09-01,HONG KONG,353710049,2021,9,5820,-,-,0
2021-10-01,HONG KONG,407679240,2021,10,5820,-,-,0
2021-11-01,HONG KONG,584022975,2021,11,5820,-,-,0
2021-12-01,HONG KONG,453477806,2021,12,5820,-,-,0
2022-01-01,HONG KONG,359594147,2022,1,5820,-,-,0
2022-02-01,HONG KONG,246578572,2022,2,5820,-,-,0
2022-03-01,HONG KONG,683926296,2022,3,5820,-,-,0
2022-04-01,HONG KONG,466974612,2022,4,5820,-,-,0
2022-05-01,HONG KONG,336703581,2022,5,5820,-,-,0
2022-06-01,HONG KONG,340295909,2022,6,5820,-,-,0
2022-07-01,HONG KONG,297861823,2022,7,5820,-,-,0
2022-08-01,HONG KONG,388221882,2022,8,5820,-,-,0
2022-09-01,HONG KONG,369379677,2022,9,5820,-,-,0
2022-10-01,HONG KONG,457602342,2022,10,5820,-,-,0
2022-11-01,HONG KONG,320470394,2022,11,5820,-,-,0
2022-12-01,HONG KONG,252150937,2022,12,5820,-,-,0
2023-01-01,HONG KONG,236459889,2023,1,5820,-,-,0
2023-02-01,HONG KONG,216630707,2023,2,5820,-,-,0
2023-03-01,HONG KONG,421804320,2023,3,5820,-,-,0
2023-04-01,HONG KONG,461828046,2023,4,5820,-,-,0
2023-05-01,HONG KONG,362126960,2023,5,5820,-,-,0
2023-06-01,HONG KONG,287605539,2023,6,5820,-,-,0
2023-07-01,HONG KONG,334668387,2023,7,5820,-,-,0
2023-08-01,HONG KONG,341429827,2023,8,5820,-,-,0
2023-09-01,HONG KONG,418495389,2023,9,5820,-,-,0
2023-10-01,HONG KONG,360150517,2023,10,5820,-,-,0
2023-11-01,HONG KONG,282728100,2023,11,5820,-,-,0
2023-12-01,HONG KONG,339047724,2023,12,5820,-,-,0
2024-01-01,HONG KONG,300847587,2024,1,5820,-,-,0
2024-02-01,HONG KONG,216357353,2024,2,5820,-,-,0
2024-03-01,HONG KONG,561390178,2024,3,5820,-,-,0
2024-04-01,HONG KONG,554047496,2024,4,5820,-,-,0
2024-05-01,HONG KONG,792631533,2024,5,5820,-,-,0
2024-06-01,HONG KONG,331729934,2024,6,5820,-,-,0
2024-07-01,HONG KONG,305227377,2024,7,5820,-,-,0
2024-08-01,HONG KONG,254919499,2024,8,5820,-,-,0
2024-09-01,HONG KONG,417569286,2024,9,5820,-,-,0
2024-10-01,HONG KONG,512449754,2024,10,5820,-,-,0
2024-11-01,HONG KONG,323912377,2024,11,5820,-,-,0
2024-12-01,HONG KONG,1376097172,2024,12,5820,-,-,0
2025-01-01,HONG KONG,2341677769,2025,1,5820,-,-,0
2025-02-01,HONG KONG,193475964,2025,2,5820,-,-,0
2025-03-01,HONG KONG,261772619,2025,3,5820,-,-,0
2025-04-01,HONG KONG,243770781,2025,4,5820,-,-,0
2025-05-01,HONG KONG,236593221,2025,5,5820,-,-,0
2025-06-01,HONG KONG,318683781,2025,6,5820,-,-,0
2025-07-01,HONG KONG,257543528,2025,7,5820,-,-,0
2016-01-01,TAIWAN,3252633684,2016,1,5830,-,-,0
2016-02-01,TAIWAN,2964288219,2016,2,5830,-,-,0
2016-03-01,TAIWAN,2968819822,2016,3,5830,-,-,0
2016-04-01,TAIWAN,3041737756,2016,4,5830,-,-,0
2016-05-01,TAIWAN,3337735771,2016,5,5830,-,-,0
2016-06-01,TAIWAN,3380365024,2016,6,5830,-,-,0
2016-07-01,TAIWAN,3227986580,2016,7,5830,-,-,0
2016-08-01,TAIWAN,3644116829,2016,8,5830,-,-,0
2016-09-01,TAIWAN,3313637640,2016,9,5830,-,-,0
2016-10-01,TAIWAN,3345807873,2016,10,5830,-,-,0
2016-11-01,TAIWAN,3364494358,2016,11,5830,-,-,0
2016-12-01,TAIWAN,3357223833,2016,12,5830,-,-,0
2017-01-01,TAIWAN,3370523281,2017,1,5830,-,-,0
2017-02-01,TAIWAN,2861846329,2017,2,5830,-,-,0
2017-03-01,TAIWAN,3349654185,2017,3,5830,-,-,0
2017-04-01,TAIWAN,3391677487,2017,4,5830,-,-,0
2017-05-01,TAIWAN,3642681948,2017,5,5830,-,-,0
2017-06-01,TAIWAN,3728463949,2017,6,5830,-,-,0
2017-07-01,TAIWAN,3664917397,2017,7,5830,-,-,0
2017-08-01,TAIWAN,3734165866,2017,8,5830,-,-,0
2017-09-01,TAIWAN,3709352743,2017,9,5830,-,-,0
2017-10-01,TAIWAN,3785761613,2017,10,5830,-,-,0
2017-11-01,TAIWAN,3648456106,2017,11,5830,-,-,0
2017-12-01,TAIWAN,3530008716,2017,12,5830,-,-,0
2018-01-01,TAIWAN,3762277435,2018,1,5830,-,-,0
2018-02-01,TAIWAN,3205564473,2018,2,5830,-,-,0
2018-03-01,TAIWAN,3466729849,2018,3,5830,-,-,0
2018-04-01,TAIWAN,3518609300,2018,4,5830,-,-,0
2018-05-01,TAIWAN,3786128552,2018,5,5830,-,-,0
2018-06-01,TAIWAN,3866894744,2018,6,5830,-,-,0
2018-07-01,TAIWAN,3938244171,2018,7,5830,-,-,0
2018-08-01,TAIWAN,3893829703,2018,8,5830,-,-,0
2018-09-01,TAIWAN,3683302400,2018,9,5830,-,-,0
2018-10-01,TAIWAN,4252116773,2018,10,5830,-,-,0
2018-11-01,TAIWAN,4158300396,2018,11,5830,-,-,0
2018-12-01,TAIWAN,4177022163,2018,12,5830,-,-,0
2019-01-01,TAIWAN,4556611286,2019,1,5830,-,-,0
2019-02-01,TAIWAN,3880647568,2019,2,5830,-,-,0
2019-03-01,TAIWAN,4206852561,2019,3,5830,-,-,0
2019-04-01,TAIWAN,4386375759,2019,4,5830,-,-,0
2019-05-01,TAIWAN,4691622837,2019,5,5830,-,-,0
2019-06-01,TAIWAN,4252779624,2019,6,5830,-,-,0
2019-07-01,TAIWAN,4735128846,2019,7,5830,-,-,0
2019-08-01,TAIWAN,4844549405,2019,8,5830,-,-,0
2019-09-01,TAIWAN,4623440129,2019,9,5830,-,-,0
2019-10-01,TAIWAN,4763349883,2019,10,5830,-,-,0
2019-11-01,TAIWAN,4472330230,2019,11,5830,-,-,0
2019-12-01,TAIWAN,4814930154,2019,12,5830,-,-,0
2020-01-01,TAIWAN,4834623620,2020,1,5830,-,-,0
2020-02-01,TAIWAN,3979438848,2020,2,5830,-,-,0
2020-03-01,TAIWAN,4550292858,2020,3,5830,-,-,0
2020-04-01,TAIWAN,4641769634,2020,4,5830,-,-,0
2020-05-01,TAIWAN,4855181289,2020,5,5830,-,-,0
2020-06-01,TAIWAN,4802509005,2020,6,5830,-,-,0
2020-07-01,TAIWAN,5310676140,2020,7,5830,-,-,0
2020-08-01,TAIWAN,5142458196,2020,8,5830,-,-,0
2020-09-01,TAIWAN,5549244971,2020,9,5830,-,-,0
2020-10-01,TAIWAN,5623657821,2020,10,5830,-,-,0
2020-11-01,TAIWAN,5447177420,2020,11,5830,-,-,0
2020-12-01,TAIWAN,5692930954,2020,12,5830,-,-,0
2021-01-01,TAIWAN,5391682388,2021,1,5830,-,-,0
2021-02-01,TAIWAN,4462307666,2021,2,5830,-,-,0
2021-03-01,TAIWAN,5652306379,2021,3,5830,-,-,0
2021-04-01,TAIWAN,6225048029,2021,4,5830,-,-,0
2021-05-01,TAIWAN,6365854222,2021,5,5830,-,-,0
2021-06-01,TAIWAN,6634243502,2021,6,5830,-,-,0
2021-07-01,TAIWAN,6704648493,2021,7,5830,-,-,0
2021-08-01,TAIWAN,6742325076,2021,8,5830,-,-,0
2021-09-01,TAIWAN,6910413356,2021,9,5830,-,-,0
2021-10-01,TAIWAN,7708082173,2021,10,5830,-,-,0
2021-11-01,TAIWAN,6924635102,2021,11,5830,-,-,0
2021-12-01,TAIWAN,7294803138,2021,12,5830,-,-,0
2022-01-01,TAIWAN,7124825140,2022,1,5830,-,-,0
2022-02-01,TAIWAN,6618364934,2022,2,5830,-,-,0
2022-03-01,TAIWAN,8359331120,2022,3,5830,-,-,0
2022-04-01,TAIWAN,7423536754,2022,4,5830,-,-,0
2022-05-01,TAIWAN,7887417799,2022,5,5830,-,-,0
2022-06-01,TAIWAN,7313870384,2022,6,5830,-,-,0
2022-07-01,TAIWAN,8413310957,2022,7,5830,-,-,0
2022-08-01,TAIWAN,8408788351,2022,8,5830,-,-,0
2022-09-01,TAIWAN,7516352777,2022,9,5830,-,-,0
2022-10-01,TAIWAN,7809850094,2022,10,5830,-,-,0
2022-11-01,TAIWAN,7742510676,2022,11,5830,-,-,0
2022-12-01,TAIWAN,7089257471,2022,12,5830,-,-,0
2023-01-01,TAIWAN,6670261777,2023,1,5830,-,-,0
2023-02-01,TAIWAN,6604233158,2023,2,5830,-,-,0
2023-03-01,TAIWAN,6820827234,2023,3,5830,-,-,0
2023-04-01,TAIWAN,6444210929,2023,4,5830,-,-,0
2023-05-01,TAIWAN,7543258702,2023,5,5830,-,-,0
2023-06-01,TAIWAN,6755798345,2023,6,5830,-,-,0
2023-07-01,TAIWAN,7360901122,2023,7,5830,-,-,0
2023-08-01,TAIWAN,8316222217,2023,8,5830,-,-,0
2023-09-01,TAIWAN,8004801224,2023,9,5830,-,-,0
2023-10-01,TAIWAN,8688315574,2023,10,5830,-,-,0
2023-11-01,TAIWAN,7855170941,2023,11,5830,-,-,0
2023-12-01,TAIWAN,6718169032,2023,12,5830,-,-,0
2024-01-01,TAIWAN,8195028928,2024,1,5830,-,-,0
2024-02-01,TAIWAN,6794663327,2024,2,5830,-,-,0
2024-03-01,TAIWAN,7940466721,2024,3,5830,-,-,0
2024-04-01,TAIWAN,9095451203,2024,4,5830,-,-,0
2024-05-01,TAIWAN,8989117008,2024,5,5830,-,-,0
2024-06-01,TAIWAN,9863849663,2024,6,5830,-,-,0
2024-07-01,TAIWAN,12990581060,2024,7,5830,-,-,0
2024-08-01,TAIWAN,11766440983,2024,8,5830,-,-,0
2024-09-01,TAIWAN,10557652898,2024,9,5830,-,-,0
2024-10-01,TAIWAN,10705737875,2024,10,5830,-,-,0
2024-11-01,TAIWAN,9284396253,2024,11,5830,-,-,0
2024-12-01,TAIWAN,10101523162,2024,12,5830,-,-,0
2025-01-01,TAIWAN,11072989240,2025,1,5830,-,-,0
2025-02-01,TAIWAN,10575398815,2025,2,5830,-,-,0
2025-03-01,TAIWAN,12404367742,2025,3,5830,-,-,0
2025-04-01,TAIWAN,14607472778,2025,4,5830,-,-,0
2025-05-01,TAIWAN,16381180226,2025,5,5830,-,-,0
2025-06-01,TAIWAN,16920755687,2025,6,5830,-,-,0
2025-07-01,TAIWAN,19493583270,2025,7,5830,-,-,0
